{
  "cx": 324.1880187988281,
  "cy": 181.42649841308594,
  "depth_scale": 0.85,
  "fx": 366.2732849121094,
  "fy": 366.2732849121094,
  "height": 480,
  "width": 640
}

