{
  "cx": 320.5,
  "cy": 240.5,
  "depth_scale": 0.85,
  "fx": 522.1910329546544,
  "fy": 522.1910329546544,
  "height": 480,
  "width": 640
}

